{
  "success": true,
  "terms": "https:\/\/currencylayer.com\/terms",
  "privacy": "https:\/\/currencylayer.com\/privacy",
  "timestamp": 1577376547,
  "source": "USD",
  "quotes": {
    "USDAED": 3.67295,
    "USDAFN": 78.250053,
    "USDALL": 109.911164,
    "USDAMD": 479.270244,
    "USDANG": 1.682567,
    "USDAOA": 482.226969,
    "USDARS": 59.79601,
    "USDAUD": 1.441197,
    "USDAWG": 1.8,
    "USDAZN": 1.700135,
    "USDBAM": 1.763701,
    "USDBBD": 2.016259,
    "USDBDT": 84.77521,
    "USDBGN": 1.764513,
    "USDBHD": 0.37705,
    "USDBIF": 1886,
    "USDBMD": 1,
    "USDBND": 1.353328,
    "USDBOB": 6.905274,
    "USDBRL": 4.063103,
    "USDBSD": 0.998598,
    "USDBTC": 0.000139,
    "USDBTN": 71.20336,
    "USDBWP": 10.657282,
    "USDBYN": 2.090204,
    "USDBYR": 19600,
    "USDBZD": 2.012832,
    "USDCAD": 1.31213,
    "USDCDF": 1685.99981,
    "USDCHF": 0.98121,
    "USDCLF": 0.027112,
    "USDCLP": 747.999773,
    "USDCNY": 6.9972,
    "USDCOP": 3287.5,
    "USDCRC": 565.37147,
    "USDCUC": 1,
    "USDCUP": 26.5,
    "USDCVE": 99.70312,
    "USDCZK": 22.929697,
    "USDDJF": 177.719915,
    "USDDKK": 6.731799,
    "USDDOP": 53.204982,
    "USDDZD": 119.750379,
    "USDEGP": 16.039861,
    "USDERN": 15.000208,
    "USDETB": 31.95036,
    "USDEUR": 0.900974,
    "USDFJD": 2.154969,
    "USDFKP": 0.81288,
    "USDGBP": 0.76926,
    "USDGEL": 2.860105,
    "USDGGP": 0.769313,
    "USDGHS": 5.699204,
    "USDGIP": 0.81288,
    "USDGMD": 51.303496,
    "USDGNF": 9424.999867,
    "USDGTQ": 7.699098,
    "USDGYD": 207.93825,
    "USDHKD": 7.78825,
    "USDHNL": 24.720029,
    "USDHRK": 6.715181,
    "USDHTG": 95.25639,
    "USDHUF": 298.129817,
    "USDIDR": 13967,
    "USDILS": 3.47006,
    "USDIMP": 0.769313,
    "USDINR": 71.284958,
    "USDIQD": 1190.5,
    "USDIRR": 42105.000042,
    "USDISK": 122.170121,
    "USDJEP": 0.769313,
    "USDJMD": 133.14787,
    "USDJOD": 0.708993,
    "USDJPY": 109.655986,
    "USDKES": 100.849733,
    "USDKGS": 69.7469,
    "USDKHR": 4062.000137,
    "USDKMF": 443.650189,
    "USDKPW": 900.06128,
    "USDKRW": 1161.613261,
    "USDKWD": 0.303501,
    "USDKYD": 0.83215,
    "USDKZT": 380.49119,
    "USDLAK": 8885.000406,
    "USDLBP": 1513.0002,
    "USDLKR": 181.14398,
    "USDLRD": 188.000281,
    "USDLSL": 14.14984,
    "USDLTL": 2.95274,
    "USDLVL": 0.60489,
    "USDLYD": 1.405026,
    "USDMAD": 9.632501,
    "USDMDL": 17.275584,
    "USDMGA": 3667.221203,
    "USDMKD": 55.458615,
    "USDMMK": 1490.413904,
    "USDMNT": 2739.039827,
    "USDMOP": 8.009847,
    "USDMRO": 356.999834,
    "USDMUR": 36.65023,
    "USDMVR": 15.46006,
    "USDMWK": 739.999908,
    "USDMXN": 18.942002,
    "USDMYR": 4.132959,
    "USDMZN": 61.709702,
    "USDNAD": 14.149824,
    "USDNGN": 361.502969,
    "USDNIO": 34.119894,
    "USDNOK": 8.880903,
    "USDNPR": 113.92192,
    "USDNZD": 1.500135,
    "USDOMR": 0.384951,
    "USDPAB": 0.998616,
    "USDPEN": 3.320201,
    "USDPGK": 3.402498,
    "USDPHP": 50.733503,
    "USDPKR": 154.87501,
    "USDPLN": 3.83905,
    "USDPYG": 6434.548902,
    "USDQAR": 3.641056,
    "USDRON": 4.307099,
    "USDRSD": 105.950149,
    "USDRUB": 62.221802,
    "USDRWF": 935,
    "USDSAR": 3.752099,
    "USDSBD": 8.303902,
    "USDSCR": 13.896786,
    "USDSDG": 45.11595,
    "USDSEK": 9.419898,
    "USDSGD": 1.35402,
    "USDSHP": 1.320903,
    "USDSLL": 9775.000276,
    "USDSOS": 580.000072,
    "USDSRD": 7.457985,
    "USDSTD": 21560.79,
    "USDSVC": 8.738113,
    "USDSYP": 515.000031,
    "USDSZL": 14.15016,
    "USDTHB": 30.150005,
    "USDTJS": 9.680098,
    "USDTMT": 3.5,
    "USDTND": 2.833958,
    "USDTOP": 2.294699,
    "USDTRY": 5.934335,
    "USDTTD": 6.747194,
    "USDTWD": 30.110265,
    "USDTZS": 2297.900846,
    "USDUAH": 23.216978,
    "USDUGX": 3659.817701,
    "USDUSD": 1,
    "USDUYU": 37.462069,
    "USDUZS": 9515.999797,
    "USDVEF": 9.9875,
    "USDVND": 23172.5,
    "USDVUV": 116.036568,
    "USDWST": 2.653219,
    "USDXAF": 591.50112,
    "USDXAG": 0.055532,
    "USDXAU": 0.000662,
    "USDXCD": 2.70255,
    "USDXDR": 0.72635,
    "USDXOF": 591.999545,
    "USDXPF": 107.949897,
    "USDYER": 250.274992,
    "USDZAR": 14.1398,
    "USDZMK": 9001.191768,
    "USDZMW": 13.126468,
    "USDZWL": 322.000001
  }
}
